dep_id,emp_first_name,hire_date,dep_name,emp_last_name,salary,emp_id
100,Cookie,06/30/2018,null,Leeves,$149145.36,722
100,Shauna,08/10/11,null,Speachley,$81351.82,716
100,Ynez,05/22/2008,null,Buncombe,$98707.33,228
100,Crissie,03/31/2012,null,MacLaughlin,$100867.27,98
100,Kala,07/02/03,null,Bedboro,$116747.79,356
100,Wain,07/01/06,null,Rulten,$158358.10,603
100,Patin,01/29/2016,null,Crawford,$96296.40,820
100,Earle,08/28/2005,null,Marris,$143702.00,373
100,Randal,11/14/2002,null,Drewett,$106418.69,195
100,Marley,04/28/2019,null,Deeny,$152827.33,137
100,Laurice,08/29/2020,null,Hillyatt,$100248.15,162
100,Ana,11/16/2020,null,Wheble,$132976.28,443
100,Constancia,07/05/18,null,Covolini,$120573.08,155
100,Alonzo,06/10/16,null,Linne,$132535.65,968
100,Arleyne,09/26/2001,null,Beernaert,$91199.35,708
100,Joye,04/14/2015,null,Papis,$109262.14,494
100,Orrin,08/14/2003,null,Bratt,$128102.15,187
100,Billie,10/15/2020,null,Gussin,$105504.11,964
100,Mollee,01/16/2007,null,Saffon,$76087.02,449
100,Agneta,07/15/2003,null,Portal,$83976.64,71
100,Cesaro,05/25/2013,null,,$115090.42,484
100,Hersh,10/08/18,null,Ramshaw,$137341.39,585
100,Thurstan,10/27/2016,null,Bessett,$92300.45,728
100,Dyan,08/07/20,null,Surgener,$120463.28,1
100,Kelcie,07/26/2008,null,Bedinn,$106739.59,848
100,Kelby,03/01/07,null,Duffrie,$119213.64,581
100,Dudley,08/22/2001,null,Tomasicchio,$115004.59,466
100,Kim,01/06/09,null,,$132483.64,683
100,Dino,04/28/2010,null,Newlan,$117211.89,694
100,Wren,12/30/2017,null,Caizley,$85540.25,622
100,Bibi,06/12/02,null,Legan,$121483.69,532
100,Teddie,09/25/2011,null,Breslin,$118682.33,803
100,Roby,05/18/2018,null,,$150656.96,646
100,Belia,03/23/2003,null,Leeder,$108726.92,984
100,Terrie,01/18/2004,null,Rosenhaupt,$109494.53,926
100,Raquel,01/17/2012,null,Thireau,$153874.59,171
100,Elston,04/02/15,null,Elles,$81082.24,650
100,Prent,05/14/2007,null,Bleasdille,$95438.29,177
100,Delainey,12/22/2011,null,Titchener,$124397.03,73
100,Alan,10/05/18,null,Nason,$94071.81,969
100,Renault,02/28/2020,null,Terrell,$101707.82,712
100,Teressa,09/18/2002,null,Fullerlove,$117998.73,705
100,Brittaney,11/21/2013,null,Matyushkin,$158421.28,744
100,Flossy,05/21/2013,null,Cottel,$137016.70,133
100,Ase,06/02/08,null,Denge,$90953.42,600
100,Sybilla,01/26/2002,null,Budding,$103193.77,639
100,Carmon,06/24/2020,null,Brumhead,$104696.69,17
100,Lorilyn,03/01/14,null,Pasek,$151138.91,510
100,Franciskus,12/20/2004,null,Arundel,$113305.14,105
100,Friedrich,12/12/18,null,Rego,$153330.85,779
100,Henrieta,08/02/15,null,Towell,$117242.99,687
100,Alethea,03/13/2017,null,Thunnercliffe,$89191.44,816
100,Cob,10/21/2017,null,Steinson,$93340.38,335
100,Alexia,02/05/06,null,,$99237.72,298
100,Rena,10/04/00,null,Vigurs,$130152.32,520
100,Agretha,07/22/2016,null,Mandrier,$82013.34,361
100,Merci,08/15/2011,null,Reis,$113202.94,598
100,Rosemonde,06/17/2000,null,,$91761.72,1000
100,Romona,07/17/2017,null,Avo,$127497.89,63
100,Cassie,06/16/2018,null,Saffin,$141417.03,775
100,Remington,05/17/2007,null,Moquin,$130001.55,180
100,Gerti,05/14/2008,null,Bunner,$96649.00,427
100,Lannie,07/11/01,null,Evins,$88543.15,644
100,Birch,03/24/2020,null,Ivchenko,$126937.92,51
100,Tyrus,06/03/02,null,Vickarman,$79289.44,648
100,Bonita,01/09/04,null,Paul,$145882.27,556
100,Madalyn,06/18/2014,null,Lemon,$89972.20,732
100,Myrna,11/11/00,null,Chapelhow,$139397.07,21
100,Clarinda,07/29/2005,null,,$104807.38,404
100,Livvyy,09/26/2016,null,Ramey,$129510.47,965
100,Jess,07/18/2013,null,Binestead,$113679.56,198
100,Rosemaria,09/10/17,null,Lamas,$155687.86,703
100,Mavis,08/17/2020,null,Derrell,$103900.41,45
100,Clevey,11/13/2004,null,Samsonsen,$147996.06,248
100,Sven,06/13/2008,null,O'Curneen,$150015.88,210
100,Evangeline,12/16/2002,null,O'Heaney,$159013.33,759
100,Ewan,04/19/2005,null,Wrennall,$76421.55,501
100,Luz,05/12/06,null,Frane,$142632.74,514
100,Murdoch,04/18/2005,null,Hayle,$71740.28,690
100,Rubie,12/31/2007,null,Ropcke,$92317.24,677
100,Demeter,12/10/07,null,Yashanov,$88043.07,770
100,Kissie,11/06/19,null,Bony,$131399.40,130
100,Ario,03/13/2001,null,Haithwaite,$104438.86,899
100,Erastus,01/01/01,null,McCabe,$78774.02,608
100,Moise,11/28/2018,null,Brotherhead,$144666.66,756
100,Jewelle,12/15/2008,null,Augustus,$91659.81,988
100,Hughie,05/10/06,null,Piper,$126091.51,399
100,Roanna,06/02/04,null,Gerok,$117520.20,147
100,Bartie,08/03/19,null,Liddicoat,$121360.65,662
100,Valaria,04/11/09,null,,$151667.92,420
100,Terrell,08/29/2004,null,Sherborne,$132266.41,962
100,Kathye,02/11/01,null,Fenlon,$144059.55,318
100,Nickolaus,03/30/2017,null,Jeandel,$86012.39,961
100,Camellia,05/05/19,null,Kellick,$105303.89,669
100,Dreddy,05/18/2005,null,,$103583.16,208
100,Hershel,01/01/14,null,Laurenzi,$117301.49,963
100,Honor,12/31/2003,null,Scarasbrick,$137163.34,124
100,Toby,11/03/18,null,Feasby,$108066.19,942
100,Thia,02/06/18,null,Tearny,$122688.28,266
100,Keary,11/15/2002,null,,$157062.58,606
100,Patsy,12/08/00,null,Toler,$95521.70,49
100,Jilli,07/17/2019,null,Stannis,$82681.59,701
100,Darell,02/02/12,null,Pampling,$78552.77,410
100,Michale,07/04/15,null,McCosker,$71330.94,279
100,Tove,08/08/06,null,Casement,$150952.64,313
100,Johanna,08/31/2013,null,Falconer-Taylor,$81257.81,652
100,Ervin,02/16/2013,null,Dunnan,$144855.63,141
100,Desiree,03/30/2012,null,Bertrand,$74383.22,892
100,Sly,01/06/09,null,Shrubshall,$143772.56,911
100,Diena,08/17/2006,null,Tarquinio,$129243.73,307
100,Lezlie,07/21/2000,null,Rammell,$135766.22,395
100,Carolyne,05/05/18,null,Woodland,$148177.21,762
100,Jemimah,04/13/2014,null,,$137701.84,77
100,Gaylor,03/02/00,null,Simmans,$90161.90,164
100,Berke,11/08/11,null,,$145274.10,740
100,Mahala,09/09/18,null,Kupec,$74107.87,767
100,Marlie,10/08/07,null,Duchatel,$130518.17,618
100,Torin,02/11/20,null,Seebright,$74256.12,143
100,Stearn,07/02/13,null,Squirrel,$77129.96,117
100,Millisent,04/17/2017,null,Lauga,$73747.81,991
100,Sidonia,12/27/2003,null,,$96942.59,68
100,Emmy,08/02/20,null,Lightning,$143395.30,885
100,Orly,08/17/2010,null,,$100627.36,485
100,Randal,11/16/2005,null,Sieur,$110835.65,959
100,Antoni,12/08/03,null,Scardefield,$157891.90,784
100,Ame,08/07/19,null,Rentenbeck,$158089.92,273
100,Corina,06/01/19,null,Gammon,$115054.98,629
100,Sileas,12/14/2002,null,Dargue,$101935.95,151
100,Abrahan,02/09/08,null,Gaffon,$75314.50,788
100,Emmeline,09/06/08,null,Galer,$73352.08,203
100,Neddy,01/28/2004,null,Carillo,$125946.71,323
100,Scarlet,04/08/00,null,Statefield,$140693.51,425
100,Carline,09/09/07,null,Nancekivell,$132180.64,303
100,Quill,01/06/11,null,Clurow,$143918.53,378
100,Saundra,12/28/2015,null,Barok,$84800.11,454
100,Patrick,02/08/21,null,Trowbridge,$120089.39,810
100,Channa,05/04/10,null,McIlvoray,$116765.58,37
100,Jeddy,06/01/14,null,Chasier,$78723.94,459
100,Pen,04/06/20,null,Rizziello,$100976.72,978
100,Ardisj,05/02/01,null,Crilly,$93537.22,611
100,Palm,02/14/2009,null,Brennon,$109359.86,345
100,Skippie,07/20/2013,null,Deschlein,$73785.81,596
100,Teena,08/22/2005,null,Sturgess,$79013.98,94
100,Adolphus,03/12/14,null,Regorz,$91670.76,435
100,Clevie,08/28/2020,null,Tambling,$130514.75,857
100,Taffy,07/14/2001,null,Casterou,$144940.92,599
100,Georgetta,05/25/2018,null,Tulloch,$80840.27,657
100,Ludovico,07/20/2004,null,Lambarton,$74045.63,597
100,Zahara,01/31/2010,null,,$119011.73,799
100,Bruno,01/26/2018,null,Skevington,$98202.42,32
100,Carmita,06/23/2011,null,Whenham,$100333.77,431
100,Chet,11/26/2017,null,Munsey,$132635.06,874
100,Haily,09/12/07,null,Stonehouse,$73163.27,41
100,Ximenes,01/13/2008,null,Asbery,$139200.72,12
100,Alisa,03/04/05,null,Manes,$116917.71,388
100,Gayel,09/12/04,null,Carman,$102166.24,568
100,Sarina,01/12/08,null,Suller,$89347.99,281
100,Sydney,02/03/18,null,Millen,$77851.01,822
100,Alverta,02/14/2015,null,Draaisma,$145141.58,736
100,Tiffi,03/14/2014,null,Young,$88554.54,781
100,Ritchie,10/28/2002,null,Godding,$125782.02,725
100,Ronny,04/19/2008,null,Coneley,$132083.42,263
100,Ansley,06/29/2013,null,Worster,$77271.41,79
100,Judi,01/01/12,null,Landrean,$158596.82,632
100,Rana,06/05/16,null,Message,$158417.07,591
100,Bevin,07/08/04,null,Clist,$103861.64,183
100,Matthieu,09/17/2010,null,,$93084.67,614
100,Kaleena,05/04/00,null,Broadbridge,$84374.30,960
100,Rufus,05/04/09,null,Pegrum,$83033.41,253
100,Skippy,05/24/2015,null,Lantuff,$136152.16,966
100,Jarred,08/14/2017,null,,$76353.50,220
100,Selia,05/04/11,null,Sharplin,$133463.20,720
100,Nevil,05/14/2020,null,Mephan,$135810.32,636
100,Wilmette,09/10/12,null,Paula,$79045.97,547
100,Jed,06/01/13,null,Boyland,$84232.83,814
100,Aldus,01/18/2013,null,Seden,$123831.48,641
100,Stillman,01/11/06,null,Risen,$120579.26,392
100,Cammie,02/01/05,null,Sedcole,$80391.77,601
100,Lynn,02/24/2015,null,Dimmack,$72000.92,256
100,Aveline,04/30/2007,null,Jirus,$84966.65,479
100,Evelyn,10/20/2004,null,Covelle,$74726.11,383
100,Borg,09/11/19,null,Abell,$80907.50,996
100,Bethany,03/08/00,null,Segrott,$150941.25,83
100,Starr,01/26/2010,null,Ritzman,$87259.11,698
100,Lynnette,05/20/2016,null,Abbot,$134886.94,552
100,Wait,04/22/2010,null,Bockett,$145928.89,350
100,Conan,06/10/16,null,Jays,$159566.71,191
100,Daisie,09/30/2008,null,Nannetti,$103546.63,216
100,Chalmers,08/09/18,null,,$108296.60,415
100,Daffi,12/04/06,null,Fawks,$140532.05,561
100,Ravid,11/30/2019,null,Berisford,$100407.49,526
100,Donica,11/29/2013,null,Tull,$144188.16,574
100,Hester,06/14/2011,null,Klossmann,$121171.37,472
100,Stearne,05/06/12,null,Amer,$82375.86,28
100,Manda,07/24/2010,null,Constance,$70665.54,957
100,Benji,10/27/2019,null,,$119540.68,363
100,Rochette,10/08/11,null,McKechnie,$153685.56,834
100,Andee,08/27/2000,null,Ashplant,$85205.87,825
100,Coleen,06/24/2004,null,Widdicombe,$111022.20,541
100,Benedict,03/12/06,null,Challes,$146944.85,536
100,Selle,06/01/10,null,Doidge,$82400.81,330
100,Bryon,04/25/2019,null,,$151286.57,970
100,Rodina,02/14/2001,null,Ronaghan,$71985.86,110
100,Ogdan,07/05/03,null,Frissell,$76642.88,293
100,Eldridge,06/29/2017,null,Corcut,$89848.24,366
100,Ruby,11/18/2017,null,Callender,$115219.92,232
100,Gordan,05/15/2003,null,Howse,$123929.46,462
100,Aubry,06/13/2015,null,Simoneton,$97653.80,80
100,Guenevere,11/02/09,null,Delaney,$87272.12,967
100,Malia,11/18/2001,null,Speek,$159520.74,238
101,Vick,12/01/07,null,Dare,$159660.74,390
101,Corene,07/08/06,null,Argente,$101574.22,222
101,Matty,01/10/10,null,,$128044.50,660
101,Budd,04/21/2010,null,Cohani,$97245.62,107
101,Gerald,02/01/10,null,Peter,$110509.58,114
101,Andriette,06/03/18,null,Riley,$103933.80,465
101,Ernestine,07/26/2015,null,McCawley,$105239.50,829
101,Olimpia,07/12/05,null,Lygoe,$142655.46,109
101,Quintin,09/22/2019,null,Drawmer,$104635.54,159
101,Lance,06/19/2011,null,Stuther,$153849.16,422
101,Archy,11/11/12,null,Zielinski,$120096.66,341
101,Jessalyn,04/18/2005,null,Wilber,$125563.61,827
101,Candida,03/03/16,null,,$125696.51,168
101,Stacy,09/21/2011,null,Cleaver,$151311.61,269
101,Vittoria,02/19/2013,null,Glenn,$71471.33,402
101,Hollyanne,03/06/13,null,Syne,$104636.98,24
101,Alane,08/19/2006,null,Scarborough,$145964.77,296
101,Delcine,03/13/2021,null,,$118266.64,492
101,Glenden,05/02/16,null,Plaskett,$129955.98,878
101,Hallsy,04/16/2010,null,Kinnerley,$117597.75,837
101,Taryn,02/10/03,null,Boyan,$156110.38,43
101,Suzi,04/27/2013,null,Mellhuish,$149694.56,35
101,Feliks,06/23/2005,null,Deetlefs,$121851.86,19
101,Brendis,11/03/11,null,,$81117.32,320
101,Amaleta,07/07/15,null,Beardall,$95190.23,93
101,Georgiana,09/10/08,null,Salack,$91496.63,688
101,Katrina,08/21/2016,null,Bernaciak,$155879.39,231
101,Elaina,11/14/2011,null,Thrower,$74436.58,747
101,Jodie,05/30/2008,null,Bellino,$99622.72,950
101,Nicole,01/17/2009,null,Pretty,$113471.53,199
101,Auroora,08/25/2016,null,Shoorbrooke,$140453.58,452
101,Koo,11/17/2012,null,Earle,$100672.41,529
101,Diane-marie,02/24/2012,null,Joder,$104893.40,120
101,Obadiah,07/26/2002,null,Wardrop,$125590.35,371
101,Catina,08/10/04,null,Bernuzzi,$110991.02,750
101,Netti,05/17/2009,null,Barcroft,$107322.39,583
101,Lilas,11/06/16,null,McCarle,$159642.36,287
101,Aurea,03/01/05,null,Goodall,$153282.00,157
101,Erna,09/21/2019,null,Fulle,$71847.45,7
101,Catarina,12/07/10,null,Heinert,$103240.73,672
101,Birch,10/26/2018,null,Iacomi,$137932.64,579
101,Aluin,02/16/2016,null,Cattow,$101121.78,332
101,Janenna,07/30/2001,null,Habberjam,$149003.93,381
101,Dickie,06/10/10,null,Vause,$133718.07,497
101,Teddie,04/30/2015,null,Rollinson,$133849.79,919
101,Ted,06/06/09,null,Bamb,$128844.25,525
101,Bourke,02/07/12,null,Scranny,$126902.29,930
101,Tarah,07/12/04,null,Wrigglesworth,$149034.98,438
101,Silvester,12/18/2011,null,Cleary,$140780.19,576
101,Richmond,10/16/2016,null,Kinloch,$107939.92,166
101,Olivier,02/25/2003,null,Himsworth,$107357.48,843
101,Margi,10/08/07,null,Burwin,$114729.88,140
101,Maia,01/25/2009,null,Braemer,$92907.15,873
101,Claudianus,09/18/2008,null,Wybourne,$89132.09,545
101,Antone,04/09/19,null,Lynds,$73757.29,174
101,Paco,03/24/2004,null,Tissiman,$105748.78,798
101,Guy,03/03/14,null,Cotty,$119863.52,564
101,Erin,05/03/04,null,Boddington,$153177.85,369
101,Timothy,06/14/2013,null,Ommundsen,$121072.80,289
101,Devina,06/17/2006,null,Geertz,$73486.78,792
101,Reed,05/16/2019,null,Spencley,$125234.19,487
101,Alyse,01/30/2009,null,Dourin,$118383.39,26
101,Nobe,07/13/2006,null,Woodhouse,$83832.70,55
101,Jefferson,07/26/2000,null,Carnall,$73323.20,311
101,Hannis,01/31/2011,null,Simnel,$157229.02,242
101,Dominique,03/05/05,null,Geffinger,$88071.96,441
101,Tony,03/04/14,null,Saltsberger,$104579.80,104
101,Leia,01/26/2004,null,Kestian,$141378.05,478
101,Lem,05/27/2007,null,Coalburn,$104897.08,359
101,Stanford,04/30/2018,null,Harbertson,$112680.47,902
101,Armstrong,07/23/2002,null,Dace,$90112.02,218
101,Moss,08/29/2013,null,Davidovich,$147722.95,4
101,Bunnie,09/06/03,null,Mandell,$87643.60,896
101,Jimmie,11/10/12,null,,$84789.98,150
101,Barrie,04/03/15,null,Caulket,$73524.34,995
101,Grannie,07/14/2001,null,Spinola,$147379.62,765
101,Rosmunda,11/15/2003,null,Haveline,$72859.42,974
101,Agneta,06/04/19,null,Skippon,$72977.59,795
101,Jana,02/04/20,null,Speers,$100178.73,882
101,Tibold,03/06/07,null,Franckton,$99849.59,409
101,Gratiana,04/21/2018,null,Cake,$154250.03,522
101,Benjamen,07/10/11,null,Widdowes,$85504.59,675
101,Myles,09/01/02,null,Clift,$109428.35,567
101,Alonso,03/26/2010,null,Salway,$92185.23,181
101,Padgett,10/01/14,null,Rigglesford,$114693.91,188
101,Aubrette,07/02/13,null,Parminter,$144395.97,516
101,Ainsley,08/16/2018,null,Brissenden,$100832.41,309
101,Karl,06/09/11,null,Liven,$123940.12,534
101,Sheffy,05/27/2001,null,Liddell,$76744.19,9
101,Laird,04/08/21,null,Treacher,$142898.95,192
101,Frannie,12/31/2012,null,Celier,$105402.69,398
101,Tabina,04/30/2018,null,MacPake,$110734.18,469
101,Erminie,09/20/2002,null,Brounsell,$140908.20,85
101,Monti,12/13/2005,null,Zucker,$104433.71,507
101,Rhodie,07/29/2011,null,Marklund,$127531.48,915
101,Gwenora,12/28/2012,null,Challicum,$138463.36,146
101,Dorolice,01/05/11,null,Santacrole,$112824.30,812
101,Grazia,09/16/2015,null,Bridgewood,$130150.70,939
101,Dugald,09/24/2020,null,Hadcock,$144791.44,786
101,Sascha,05/10/08,null,Scain,$92978.13,413
101,Stella,09/13/2005,null,Ibotson,$79814.09,429
101,Cindra,11/16/2019,null,,$71855.14,489
101,Guntar,04/03/08,null,Culross,$76580.52,347
101,Stanley,06/03/13,null,Northwood,$138499.43,259
101,Dulcie,11/03/12,null,Celler,$133700.61,284
101,Lisle,05/07/07,null,,$101137.40,869
101,Michell,08/27/2018,null,,$132275.58,65
101,Marline,10/04/00,null,Record,$144895.79,355
101,Del,09/29/2000,null,Shotboulte,$97255.93,560
101,Rayna,04/06/20,null,Coutts,$96548.90,573
101,Chevy,10/10/01,null,Tuohy,$142094.30,334
101,Matilda,07/23/2012,null,Poletto,$83159.75,132
101,Jeralee,07/13/2003,null,Erett,$140534.83,571
101,Sandro,04/11/04,null,Bulley,$115792.69,457
101,Bil,08/07/06,null,Insko,$98240.63,197
101,Daniela,05/03/02,null,Kettle,$71092.18,205
101,Aeriel,12/05/00,null,Eliez,$74049.02,278
101,Tito,06/07/19,null,Clemensen,$77336.10,302
101,Prudy,07/12/09,null,Antonopoulos,$84619.72,165
101,Ronnie,01/23/2019,null,Thrift,$88069.28,338
101,Teddie,04/04/00,null,Abadam,$154952.71,322
101,Niels,01/20/2006,null,Dollman,$105558.44,234
101,Berry,03/07/10,null,Scrange,$91346.24,945
101,Cynthia,06/27/2011,null,Capini,$122882.57,908
101,Laurence,09/01/05,null,Ramsden,$129452.57,179
101,Kiri,10/24/2020,null,McKeaveney,$125242.06,276
101,Kahaleel,12/10/03,null,Janusz,$152614.24,904
101,Georgeanne,06/08/14,null,Ussher,$154137.73,224
101,Nicolette,01/11/18,null,Ivasechko,$113754.35,417
101,Emeline,07/31/2006,null,,$131624.51,500
101,Celia,09/27/2018,null,Tinto,$85906.42,75
101,Saleem,08/13/2003,null,Broske,$89417.51,300
101,Aida,10/13/2014,null,Ronisch,$126505.57,594
101,Boris,10/11/10,null,Adriano,$100346.65,540
101,Terrell,08/22/2014,null,Bartolomivis,$145151.59,406
101,Reggi,11/04/00,null,,$96959.47,69
101,Alida,12/03/09,null,McKirton,$132769.57,352
101,Maximilianus,04/04/20,null,Vivien,$112011.06,292
101,Adolphus,10/14/2013,null,Yele,$110525.81,482
101,Sibella,03/01/12,null,,$99271.88,503
101,Toinette,03/18/2014,null,Vannini,$82400.97,96
101,Tamara,02/14/2017,null,,$103595.74,115
101,Yorker,10/02/00,null,Saintsbury,$142477.89,326
101,Quintilla,03/10/06,null,,$135469.75,212
101,Con,04/30/2000,null,Doorey,$110974.52,15
101,Krystyna,01/05/20,null,Purslow,$104445.65,627
101,Peria,06/11/08,null,Brodeur,$101829.20,433
101,Hersch,10/01/04,null,Fraschetti,$107745.97,29
101,Wallache,02/09/14,null,Ixer,$90301.02,385
101,Diannne,06/26/2020,null,Adacot,$101232.83,154
101,Brittany,11/23/2015,null,Spatoni,$132783.44,554
101,Sutherlan,04/14/2008,null,Oseman,$153591.94,101
101,Mordy,08/19/2010,null,Enos,$74936.80,136
101,Dyna,01/08/15,null,,$92298.22,60
101,Rivi,06/22/2008,null,Halson,$94061.43,549
101,Mord,10/01/12,null,Loyns,$117659.88,375
101,Staford,06/21/2004,null,Markwell,$155892.50,999
101,Andre,02/09/02,null,Prowting,$92656.38,184
101,Rufe,01/21/2011,null,Blenkin,$123154.43,127
101,Babbette,05/05/19,null,Mollatt,$97791.95,82
101,Clemmy,12/15/2020,null,Greggersen,$154035.15,122
101,Duke,07/18/2006,null,,$143547.12,90
101,Peterus,07/12/08,null,McTrustram,$98581.59,894
101,Bertie,06/23/2003,null,Murkitt,$100980.24,316
101,Shaun,02/21/2015,null,Wither,$142457.09,832
101,Klarrisa,02/06/21,null,Gouldbourn,$153871.48,714
101,Dode,06/03/07,null,Isaac,$120521.04,329
101,Rozanne,02/23/2007,null,Grimsley,$101645.30,863
101,Hewie,02/06/11,null,Lowater,$72226.91,511
101,Austin,03/18/2001,null,Puttnam,$116224.29,446
101,Noami,03/01/04,null,Degg,$142006.83,112
102,Lauren,08/02/13,null,,$85605.26,718
102,Lianne,09/19/2011,null,Lacroix,$112556.75,3
102,Chris,03/30/2020,null,Daltry,$89234.94,551
102,Celinda,10/17/2000,null,Millery,$144868.16,577
102,Janos,11/07/18,null,Eddies,$144417.99,160
102,Perrine,08/28/2009,null,,$95727.55,88
102,Nina,09/10/19,null,Stadding,$91758.72,987
102,Fredek,03/31/2002,null,Goulder,$96207.82,774
102,Seymour,03/14/2018,null,Legon,$97581.49,47
102,Teodora,09/02/06,null,Dawley,$114933.06,818
102,Madonna,01/27/2011,null,Coopey,$111143.41,989
102,Morrie,06/12/08,null,Lakes,$146700.03,729
102,Bradly,01/15/2015,null,Lipson,$70080.21,305
102,Bamby,05/11/03,null,Sangster,$74391.35,947
102,Maighdiln,07/06/02,null,Barbrick,$139965.37,737
102,Harry,01/21/2003,null,Ohms,$141636.20,940
102,Lamond,02/02/18,null,,$80620.66,711
102,Pippa,06/07/03,null,Ronisch,$123431.53,113
102,Kamila,03/14/2015,null,Peddowe,$131711.68,859
102,Daisy,07/13/2013,null,Bassom,$136495.66,455
102,Marchelle,09/24/2007,null,Kinton,$141816.46,861
102,Gavrielle,02/04/11,null,Shakeshaft,$91740.99,401
102,Beryl,07/12/03,null,Andreuzzi,$153081.27,981
102,Ezri,02/21/2019,null,Littlewood,$159996.39,782
102,Sanderson,11/06/05,null,Rowthorne,$152366.20,913
102,Adele,07/25/2016,null,Kaine,$86481.65,692
102,Daile,02/28/2016,null,Langfitt,$158275.27,776
102,Jacquette,12/21/2019,null,,$118342.62,565
102,Geoffrey,07/04/07,null,Matton,$154642.58,925
102,Sibby,08/20/2020,null,Borzone,$158570.41,588
102,Caroljean,01/05/03,null,Brickstock,$111956.57,518
102,Darlene,04/17/2017,null,Philippault,$149589.49,379
102,Westbrook,11/09/12,null,Filintsev,$92398.73,906
102,Loraine,03/27/2013,null,Doel,$132812.40,11
102,Shurlocke,08/29/2005,null,McComiskey,$80019.83,245
102,Calley,12/07/06,null,Patsall,$99476.72,753
102,Carolann,08/13/2016,null,Mosconi,$83123.21,236
102,Lloyd,12/19/2015,null,Burdikin,$97891.68,8
102,Pearl,10/22/2016,null,Dochon,$147832.50,505
102,Mercie,11/07/02,null,Wolstencroft,$130475.52,5
102,Lottie,09/17/2013,null,Gamble,$117477.77,707
102,Odo,04/03/06,null,Kyffin,$95975.52,649
102,Corenda,10/11/01,null,Biasotti,$79425.97,745
102,Carlina,07/29/2014,null,Dudney,$79349.16,830
102,Gretna,09/28/2018,null,Persehouse,$159511.49,742
102,Corette,01/20/2011,null,,$122093.85,616
102,Ransell,04/28/2003,null,Corroyer,$115494.21,821
102,Inez,03/01/02,null,Boxhill,$76168.02,794
102,Liva,10/30/2016,null,Ronisch,$130750.64,214
102,Kasey,10/03/07,null,Dwerryhouse,$70681.48,464
102,Culley,06/23/2013,null,Nizet,$100887.93,357
102,Brendis,12/30/2006,null,Guenther,$159507.99,953
102,Tuesday,12/22/2013,null,Judron,$116414.76,475
102,Brunhilda,03/08/17,null,,$110151.66,167
102,Neil,05/08/19,null,Briereton,$91814.17,791
102,Alfonse,07/18/2011,null,Balk,$85605.77,342
102,Arly,02/12/02,null,Bertram,$84030.03,436
102,Madelaine,07/07/01,null,Syddie,$74857.62,255
102,Janel,07/01/02,null,Gullberg,$152243.38,285
102,Izabel,02/08/16,null,Tomala,$94836.02,623
102,Bamby,07/19/2014,null,Shafier,$129568.88,811
102,Simeon,06/13/2019,null,MacKomb,$113990.80,998
102,Linette,02/01/08,null,Sangra,$83028.17,604
102,Ivonne,03/30/2013,null,Elflain,$131571.70,491
102,Carmine,12/10/09,null,Mahood,$87535.14,928
102,Minny,12/27/2008,null,De Benedictis,$117567.77,972
102,James,09/21/2020,null,O'Kieran,$106047.22,824
102,Edlin,03/01/17,null,,$88919.52,871
102,Conant,04/09/08,null,Grubey,$100999.28,665
102,Anny,03/14/2011,null,Yarrall,$104904.56,726
102,Aeriel,12/23/2002,null,Tamblingson,$153334.90,125
102,Benedetto,11/30/2015,null,Smeed,$92719.72,226
102,Stacee,10/07/04,null,Mapam,$83432.69,836
102,Megen,01/20/2002,null,Mustarde,$157399.30,886
102,Janaya,02/14/2014,null,Pickersgill,$75712.67,715
102,Xenos,06/21/2017,null,Blackborn,$88162.41,866
102,Sibyl,08/01/20,null,Garett,$134436.61,348
102,Deane,09/30/2006,null,Jelk,$127781.10,377
102,Samuele,10/04/20,null,Carnduff,$72345.64,135
102,Perren,12/22/2014,null,Suston,$79988.94,328
102,Hi,11/18/2008,null,Jarad,$146632.17,509
102,Gayel,09/25/2000,null,Schulke,$100433.18,733
102,Mercie,10/11/11,null,Fawloe,$86931.49,144
102,Mersey,05/23/2019,null,Ordemann,$73972.76,900
102,Guillermo,06/04/19,null,Gulston,$108757.38,806
102,Harvey,02/10/05,null,Glasspool,$143465.14,854
102,Gerta,08/02/10,null,Friese,$94172.99,956
102,Minnnie,10/21/2017,null,Perfect,$112268.75,760
102,Yulma,08/04/00,null,Selland,$106021.50,910
102,Lindsy,12/11/20,null,McGeachy,$124895.97,22
102,Dur,08/05/12,null,Vardy,$125213.92,800
102,Adolph,10/09/06,null,Pegg,$70963.92,917
102,Paton,01/12/21,null,Brownscombe,$75096.14,881
102,Hakeem,08/15/2011,null,Goodrum,$129834.71,264
102,Matti,06/08/14,null,Moxted,$127197.85,193
102,Dorothy,09/05/12,null,Pink,$148116.97,149
102,Carola,02/19/2011,null,Lang,$129523.95,67
102,Horatio,02/22/2019,null,,$80417.67,387
102,Dyana,03/21/2017,null,Crush,$96365.68,274
102,Anni,02/18/2009,null,Yallop,$92284.84,411
102,Jose,01/01/12,null,Lowen,$97479.38,201
102,Birdie,11/26/2012,null,Shakespeare,$93794.69,364
102,Yoko,07/18/2013,null,Huthart,$102512.23,898
102,Ganny,07/06/03,null,Hassent,$117651.29,850
102,Jdavie,11/19/2009,null,Gadesby,$132602.02,424
102,Rutter,05/26/2002,null,Brearley,$99952.20,943
102,Raven,10/01/13,null,Labbet,$82737.98,841
102,Persis,07/01/12,null,Fleming,$112558.93,937
102,Freda,07/05/08,null,Dodridge,$157437.41,34
102,Laina,08/07/05,null,Oppie,$131744.13,891
102,Adan,06/15/2004,null,Iacovazzi,$132759.01,976
102,Corrinne,01/07/13,null,Charlesworth,$86856.12,182
102,Gail,12/28/2013,null,Stelli,$114309.05,993
102,Lura,07/03/03,null,Huntley,$121374.18,206
102,Arvie,06/10/00,null,Cogar,$154450.01,476
102,Meryl,07/06/17,null,Rillstone,$106921.76,531
102,Seline,10/11/06,null,Highton,$141931.82,845
102,Charley,08/13/2017,null,Dunnan,$127543.54,58
102,Tailor,06/17/2000,null,Moreland,$77777.35,847
102,Reamonn,01/18/2003,null,Pegden,$150726.95,445
102,Lanna,10/16/2012,null,Roberti,$78510.07,635
102,Julia,08/30/2006,null,McCorkell,$95769.57,78
102,Horace,08/01/12,null,Christoffels,$132277.21,680
102,Bonnie,04/09/09,null,Gopsill,$149956.39,393
102,Brewster,01/07/02,null,Attwood,$127444.02,538
103,Palmer,03/12/14,null,Bettington,$158269.57,91
103,Daune,06/17/2018,null,Viant,$129124.04,835
103,Rayshell,06/17/2005,null,Tuckey,$109649.93,952
103,Jake,09/04/15,null,Dowty,$108023.28,118
103,Bethanne,04/08/09,null,Suller,$84924.48,262
103,Ruthy,01/19/2009,null,,$106920.16,474
103,Julissa,03/22/2016,null,Ferson,$100116.61,84
103,Gerri,02/18/2010,null,Halburton,$76492.09,823
103,Evyn,10/20/2017,null,,$149193.77,773
103,Alana,03/25/2021,null,Tomei,$136872.38,2
103,Rourke,01/04/04,null,Moorfield,$137407.26,128
103,Lanette,12/04/18,null,Urquhart,$106793.18,306
103,Bartholomew,01/22/2014,null,,$145683.04,496
103,Sigismondo,02/23/2010,null,Copnar,$80440.91,111
103,Cicely,10/01/15,null,Knobell,$136476.03,550
103,Max,03/28/2013,null,Bartosiak,$74731.42,156
103,Rodger,01/06/17,null,O'Kieran,$126734.85,376
103,Billy,05/15/2000,null,Wilprecht,$123395.31,990
103,Orelie,03/01/01,null,Studdard,$102898.86,408
103,Cathrine,04/30/2007,null,Gillbard,$76098.12,685
103,Jenifer,06/28/2013,null,,$99182.08,654
103,Regan,02/15/2019,null,Gronow,$159200.48,877
103,Sapphire,05/17/2008,null,Leivesley,$88348.28,819
103,Allix,09/02/17,null,Blackbrough,$79243.64,211
103,Jasmine,11/30/2003,null,MacGovern,$99277.30,817
103,Dela,05/11/06,null,Lambis,$148507.02,752
103,Carola,11/07/06,null,Kiffin,$134822.31,397
103,Ulises,04/11/15,null,Pavlenko,$117261.77,566
103,Izaak,02/15/2019,null,,$96118.60,865
103,Claudius,04/03/06,null,Ivankov,$74798.26,789
103,Tristam,03/31/2013,null,Swire,$73353.89,842
103,Kaycee,06/18/2009,null,Arntzen,$140965.98,185
103,Arleta,12/22/2019,null,Windybank,$124276.37,593
103,Tabb,06/16/2001,null,Shafe,$141710.61,158
103,Kristofor,06/30/2000,null,Fripp,$144664.84,337
103,Craggy,04/03/19,null,,$120182.14,217
103,Ofelia,01/06/09,null,,$81392.30,241
103,Nadean,02/03/03,null,Lufkin,$134054.82,723
103,Barnie,12/02/16,null,Camelli,$157766.29,856
103,Ron,01/01/14,null,Wookey,$139537.87,275
103,Kristel,11/15/2000,null,Ratt,$97836.57,30
103,Trefor,02/20/2010,null,Gillooly,$143079.11,986
103,Axe,03/03/03,null,Stubbins,$128395.29,602
103,Elia,08/03/05,null,,$145220.77,486
103,Ardine,03/19/2000,null,Dolden,$151585.34,6
103,Mommy,06/26/2006,null,Manass,$105081.37,755
103,Robert,06/21/2020,null,Monnelly,$155610.96,617
103,Lezlie,05/03/03,null,Nappin,$131199.50,813
103,Cyrille,10/11/19,null,,$93812.15,461
103,Anselm,09/14/2017,null,Caccavari,$158482.65,544
103,Lek,05/14/2002,null,Pullinger,$128006.93,44
103,Sheeree,01/27/2005,null,Jarrad,$71239.80,562
103,Cherianne,06/02/19,null,Couche,$146433.28,587
103,Vin,04/17/2002,null,Garritley,$118328.41,59
103,Creighton,02/02/13,null,McKevin,$118058.70,386
103,Katleen,01/29/2007,null,Rolph,$79223.26,849
103,Henka,07/27/2020,null,Patkin,$113732.77,504
103,Alison,09/20/2017,null,Joder,$113465.65,734
103,Gratia,05/18/2011,null,Lynch,$129507.28,86
103,Cristionna,05/16/2018,null,,$95796.73,678
103,Marylou,09/20/2005,null,,$157555.79,758
103,Cicily,04/09/21,null,Pendleton,$131787.99,139
103,Emanuele,04/09/06,null,Ropkins,$104627.15,727
103,Zaria,02/12/15,null,Vasyatkin,$85781.58,893
103,Bondie,09/10/16,null,Cleever,$78634.29,620
103,Neil,04/09/19,null,Jasper,$152385.50,743
103,Leo,04/13/2002,null,Zecchi,$75253.18,721
103,Brandice,12/07/13,null,Strongman,$153629.96,933
103,Whitney,10/19/2004,null,Attoc,$85196.58,25
103,Bordie,12/31/2020,null,Kleinzweig,$87734.88,129
103,Ulla,01/04/14,null,Matterson,$80686.18,42
103,Andee,02/26/2018,null,Gemlett,$90793.16,643
103,Meryl,05/28/2013,null,,$76369.65,542
103,Hadleigh,01/23/2000,null,Swales,$143141.27,887
103,Aubrette,09/16/2019,null,Cordon,$86454.29,607
103,Wash,06/05/06,null,,$151635.80,918
103,Lena,02/19/2013,null,Lyddon,$82630.70,460
103,Bernardina,10/31/2017,null,,$103757.53,713
103,Hayward,02/11/03,null,Pinkie,$142625.72,277
103,Alfie,05/18/2016,null,Ivannikov,$97728.64,13
103,Kennedy,08/27/2000,null,Pattesall,$146886.10,315
103,Leeann,05/09/11,null,Willoway,$107165.12,354
103,Vale,02/10/14,null,,$121957.49,557
103,Felicity,01/07/02,null,Le Leu,$128980.56,331
103,Devora,11/14/2017,null,Ferraro,$145644.27,994
103,Isacco,06/08/06,null,Wareham,$77807.95,235
103,Jenelle,07/11/09,null,Blazek,$149885.50,860
103,Hillie,04/18/2016,null,Golson,$95648.73,312
103,Luce,06/16/2014,null,Jeffs,$125588.97,931
103,Rici,02/08/02,null,Cashell,$70326.58,700
103,Ephraim,01/12/14,null,Bohan,$105850.61,553
103,Marlie,09/30/2019,null,Bickle,$90075.10,749
103,Gregoire,01/10/10,null,Heatlie,$88231.35,934
103,Sharity,09/11/09,null,Casseldine,$128533.87,200
103,Neysa,04/25/2003,null,Riba,$72767.31,204
103,Katti,12/10/00,null,Zapater,$103686.54,119
103,Scott,12/12/14,null,Le Sarr,$105050.74,889
103,Hagen,01/11/07,null,Nossent,$72526.20,64
103,Valli,06/05/17,null,Seabridge,$89679.58,807
103,Gualterio,05/06/19,null,Thebes,$72480.57,299
103,Toddy,07/28/2020,null,Bouzan,$100968.70,651
103,Tedra,04/07/17,null,MacAree,$121403.49,909
103,Hayes,02/21/2014,null,,$145967.57,23
103,Reeta,09/03/08,null,,$138394.74,471
103,Kiah,12/29/2006,null,,$111459.76,267
103,Ophelia,06/16/2015,null,Dowrey,$112697.04,695
103,Deanne,05/13/2020,null,Konzel,$152212.44,440
103,Cherilyn,08/22/2002,null,,$100821.78,447
103,Emmy,11/22/2009,null,,$159465.75,321
103,Darin,10/12/08,null,Norheny,$98642.27,691
103,Rubetta,06/24/2015,null,Gregoraci,$153916.09,852
103,Dorie,07/06/00,null,Blenkharn,$72159.40,949
103,Jessamyn,06/19/2002,null,Caudrey,$145258.99,656
103,Trude,07/23/2006,null,,$92927.19,39
103,Elfrida,02/17/2015,null,Alldis,$73991.72,353
103,Brewster,07/05/04,null,Gerrietz,$141018.05,72
103,Tammy,02/17/2019,null,Roblou,$73861.13,528
103,Domini,07/30/2002,null,Challicum,$156845.67,674
103,Wiatt,04/24/2019,null,Layman,$89205.59,477
103,Calhoun,04/24/2015,null,Greenhow,$99054.82,696
103,Fredericka,06/30/2006,null,Simonett,$153258.29,394
103,Roch,05/18/2009,null,Mc Andrew,$96834.96,793
103,Mireille,03/31/2013,null,Bosman,$124612.00,764
103,Cosmo,10/01/03,null,Barczewski,$89768.05,838
103,Jacquelyn,11/03/13,null,Taffe,$88334.14,92
103,Giraud,07/10/14,null,Prophet,$90046.95,512
103,Maude,02/25/2008,null,,$107617.46,797
103,Abeu,01/05/07,null,Welman,$99163.43,14
103,Casey,10/15/2016,null,O'Mahoney,$156993.47,27
103,Arliene,05/06/12,null,Daniele,$72830.27,653
103,Adey,05/26/2019,null,Farlow,$91104.44,432
103,Janella,02/13/2000,null,Lownsbrough,$103306.62,739
103,Rebe,05/14/2001,null,Jankin,$111215.25,261
103,Corette,08/03/15,null,Dearness,$100005.91,584
103,Kris,04/12/17,null,Stribling,$153842.37,103
103,Chelsy,05/17/2016,null,Cantopher,$118911.45,731
103,Mara,05/16/2005,null,,$140772.32,161
103,Kathe,12/03/01,null,,$147206.29,867
103,Fiorenze,04/08/00,null,Bailles,$151083.05,368
103,Spike,07/11/14,null,Gussie,$149744.79,523
103,Fina,11/29/2008,null,Tryhorn,$109688.83,153
103,Aggi,01/29/2015,null,Lamps,$78400.83,982
103,Sapphira,03/20/2021,null,Broggini,$94484.54,659
103,Lorine,03/07/19,null,Mattusov,$146590.76,679
103,Olivier,03/09/03,null,Brockherst,$137667.02,864
103,Aldis,02/16/2004,null,Biddle,$135502.97,54
103,Margaretta,03/18/2000,null,Gorhardt,$145843.91,684
103,Gabriela,06/28/2002,null,Faughey,$72531.66,645
103,Chrystel,03/13/2005,null,Rudland,$144866.24,419
103,Mitchell,03/28/2004,null,,$76430.54,846
103,Reuven,11/14/2013,null,Dible,$105944.54,883
103,Keriann,10/19/2011,null,Liver,$157179.87,831
103,Esther,01/28/2003,null,Foyston,$150043.52,434
103,Fredia,07/12/15,null,Priddy,$84757.77,325
103,Genny,06/03/20,null,Priditt,$146594.09,221
103,Harrietta,03/11/11,null,Jeayes,$103929.76,176
103,Liva,09/24/2015,null,Wadley,$152807.90,983
103,Tedd,11/13/2008,null,,$127822.28,247
103,Elga,10/15/2019,null,Bottrell,$102999.52,927
103,Catriona,06/21/2015,null,Skullet,$96365.87,663
103,Wolfgang,05/14/2017,null,Magnar,$135979.30,929
103,Jeniffer,05/10/02,null,Coop,$108397.61,895
103,Hedwig,12/25/2000,null,Alty,$120421.85,605
103,Wendall,07/30/2004,null,Slocumb,$121957.35,971
103,Nisse,01/22/2017,null,Durrance,$121817.59,862
103,Gerri,10/27/2010,null,Wilkerson,$158703.19,748
103,Dara,02/23/2021,null,Gainseford,$79562.18,630
103,Brandi,02/02/19,null,Degli Antoni,$99929.34,642
103,Melinde,02/09/14,null,Aspell,$136973.64,382
103,Jeanette,03/28/2019,null,Krolak,$136867.15,741
103,Weider,12/25/2003,null,St Leger,$73816.40,239
103,Maurise,06/18/2004,null,Scibsey,$131167.96,851
103,Dee,09/04/13,null,,$139388.62,912
103,Drucie,01/17/2002,null,Snalom,$90345.12,754
103,Sky,07/06/18,null,Solano,$120365.90,271
103,Chancey,11/18/2015,null,Cordall,$117405.64,980
103,Yves,05/21/2011,null,Ivanilov,$82856.08,954
103,Anatola,04/27/2020,null,Howling,$144732.09,697
103,Claudie,12/19/2007,null,,$129747.40,936
103,Roman,03/16/2006,null,Amor,$124699.84,535
103,Coraline,05/19/2019,null,Stuckes,$125581.92,40
103,Donielle,01/11/12,null,Eisak,$99948.18,250
103,Elsey,08/23/2012,null,Mountford,$94887.73,95
103,Luca,01/05/01,null,Renzullo,$118007.93,840
103,Jens,04/28/2000,null,Chantrell,$144483.46,951
103,Freddy,08/21/2014,null,Quaintance,$76969.15,344
103,Tan,10/26/2014,null,Lewson,$134596.50,249
103,Palmer,10/07/18,null,Graalman,$72497.24,18
103,Stacia,01/31/2021,null,Bosher,$102926.30,513
103,Stanwood,03/30/2021,null,Brader,$73315.48,582
103,Emmie,06/12/13,null,Kohrt,$101582.55,53
103,Quintilla,01/17/2011,null,Willes,$147477.17,879
103,Vassily,03/20/2018,null,Eberdt,$95477.18,458
103,Rosella,05/13/2007,null,Chestnut,$77017.82,761
103,Leonid,02/14/2007,null,Coase,$132245.99,138
103,Hildagard,03/20/2017,null,Malek,$90344.98,853
103,Silvano,02/19/2017,null,Canland,$135207.16,671
103,John,01/23/2018,null,Cockell,$107760.90,955
103,Betsey,08/10/01,null,Tiley,$130151.71,858
103,Ruperto,01/04/20,null,,$86091.72,453
103,Daisey,03/25/2004,null,Sussams,$125589.30,941
103,Morton,09/27/2010,null,Budcock,$142034.80,664
103,Holly-anne,10/12/06,null,Greenrod,$93232.02,828
103,Basia,09/11/16,null,Tellwright,$99286.59,123
103,Christabella,11/28/2011,null,,$123310.46,367
103,Robina,10/20/2020,null,Shotboulte,$120382.98,152
103,Stearn,08/02/00,null,Jopson,$145947.95,229
103,Vin,03/23/2021,null,Brunelleschi,$141200.86,661
103,Waverly,06/17/2003,null,Constantine,$109150.37,619
103,Jermain,12/30/2010,null,Chastan,$97831.98,613
103,Elsey,03/29/2016,null,Chree,$144231.72,16
103,Ruthi,12/04/13,null,Cawsey,$123308.99,578
103,Jeniffer,02/28/2019,null,Emlen,$96431.13,946
103,Lief,12/19/2017,null,Beaconsall,$158844.53,61
103,Angelo,05/24/2008,null,Amey,$80582.21,145
103,Jeromy,11/07/19,null,Gleadle,$152276.86,699
103,Tessi,05/14/2014,null,Gorick,$99343.84,282
103,Berky,05/05/16,null,Woodier,$84523.57,414
103,Zorine,10/20/2014,null,,$105599.90,844
103,Conny,01/13/2002,null,Tocque,$78653.49,87
103,Freida,01/25/2021,null,Dethloff,$121162.81,170
103,Kyle,01/27/2004,null,Haker,$88571.06,70
103,Judi,10/05/03,null,Brabben,$154607.81,923
103,Tiphany,10/19/2001,null,Stobie,$150665.68,428
103,Bebe,06/17/2001,null,,$110368.85,626
103,Donnie,12/12/15,null,Measen,$99869.12,563
103,Wade,03/05/02,null,Halt,$120288.51,805
103,Trace,11/28/2011,null,Hirche,$94996.95,901
103,Adrianne,06/15/2015,null,Gilleon,$156724.44,403
103,Joshuah,03/16/2003,null,Champagne,$99838.79,833
103,Jaquenetta,07/10/06,null,Menco,$107558.16,33
103,Jackquelin,11/21/2012,null,Mounsie,$129510.23,709
103,Schuyler,04/19/2000,null,,$122623.99,343
103,Elsworth,08/26/2016,null,Fennelow,$123694.14,480
103,Marsh,01/27/2007,null,Hanhart,$137049.89,771
103,Vivie,08/26/2005,null,Weatherell,$130773.47,875
103,Kissie,01/27/2006,null,Kield,$127360.57,689
103,Mariya,11/29/2002,null,Turneux,$112501.05,778
103,Lynn,11/09/15,null,Lethbrig,$95851.53,527
103,Lucius,03/30/2013,null,Merrien,$93568.86,108
103,Hannah,04/17/2015,null,Corker,$106565.13,637
103,Catrina,08/06/02,null,,$100524.28,682
103,Frank,10/30/2018,null,Climson,$104609.12,291
103,Merl,08/13/2010,null,Skull,$114225.97,559
103,Debi,05/04/18,null,Egleton,$107016.01,735
103,Tim,08/25/2012,null,Fanshaw,$137470.61,809
103,Lotty,11/18/2006,null,McConaghy,$102473.75,769
103,Kelci,10/05/03,null,Drinkhall,$89802.85,924
103,Kylila,06/30/2019,null,Greenlies,$90510.51,815
103,Pollyanna,08/04/12,null,Guerrieri,$131898.68,558
103,Felice,06/11/19,null,Bruin,$71484.81,134
103,Sigmund,12/31/2012,null,Koubek,$145196.04,89
103,Dinah,10/08/02,null,Hintzer,$99142.11,704
103,Paige,05/24/2001,null,Orpin,$146096.07,903
103,Agretha,04/24/2013,null,Allerton,$98202.09,746
103,Miranda,09/09/02,null,Menichillo,$114916.42,826
103,Miltie,04/16/2008,null,Extall,$99891.60,802
103,Olva,09/19/2001,null,,$85557.02,890
103,Mathilde,05/06/03,null,Winsome,$119206.99,751
103,Wolf,04/08/20,null,Bruggen,$75458.28,314
103,Keen,04/04/15,null,Ronchetti,$142308.59,920
103,Rem,04/28/2012,null,Rickman,$85874.92,252
103,Pauly,08/17/2005,null,Danielli,$159777.41,56
103,Elora,07/14/2013,null,Liddiard,$77063.40,944
103,Teena,01/16/2016,null,McAne,$116474.15,668
103,Jeanne,07/04/14,null,Fippe,$102500.87,839
103,Garland,01/16/2013,null,Staniford,$104937.37,666
103,Jan,05/13/2004,null,Haylock,$96562.32,442
103,Stefa,03/17/2013,null,Sparke,$152121.06,62
103,Lyndell,03/01/13,null,Ethelstone,$109699.54,495
103,Hadlee,02/03/11,null,Tales,$155079.41,647
103,Cal,08/25/2016,null,Folshom,$96034.65,407
104,Kellie,02/26/2011,null,,$147525.76,572
104,Starla,11/29/2012,null,Sibson,$153502.28,481
104,Clari,01/06/20,null,Kaman,$87409.92,498
104,Becki,05/22/2014,null,Tully,$84184.55,260
104,Baron,05/20/2017,null,Birrell,$72492.84,246
104,Giffie,02/06/07,null,Braam,$101213.11,349
104,Emlyn,10/01/07,null,Bleibaum,$159634.81,973
104,Harrie,10/28/2006,null,Giuroni,$116316.60,595
104,Dominique,12/12/13,null,Carthew,$119527.17,543
104,Ralf,05/10/00,null,Beamish,$132466.38,295
104,Cointon,09/22/2014,null,Parminter,$118639.18,872
104,Karil,09/28/2020,null,Huke,$97387.96,530
104,Amalia,04/03/10,null,,$127422.35,46
104,Ronald,03/29/2006,null,Bunston,$154172.45,365
104,Alix,02/04/00,null,Spini,$91316.10,297
104,Sutton,10/10/19,null,Josifovitz,$83028.64,100
104,Rosaline,09/23/2007,null,Rome,$154957.60,99
104,Cathyleen,07/29/2017,null,Mutlow,$158966.92,20
104,Tremain,06/26/2016,null,Crepel,$98803.36,710
104,Thaddus,01/31/2014,null,Limbourne,$145413.93,346
104,Andrus,10/16/2007,null,,$155386.71,921
104,Gabi,04/06/14,null,Standing,$158109.12,186
104,Frances,11/13/2008,null,Haylands,$108875.46,985
104,Analiese,03/14/2017,null,Crowley,$91296.94,488
104,Alberta,04/03/18,null,Cale,$151709.42,213
104,Wilie,09/20/2017,null,Murrey,$105749.23,215
104,Bethina,09/08/05,null,Vondrys,$85767.44,738
104,Ravid,10/02/13,null,Houtby,$142776.96,916
104,Boony,06/08/07,null,Borg-Bartolo,$94538.87,855
104,Arnaldo,01/14/2010,null,,$134259.01,580
104,Palm,03/06/21,null,McGing,$83003.71,717
104,Rachelle,04/26/2004,null,Boltwood,$109966.97,499
104,Tressa,06/13/2018,null,Sulman,$159969.21,288
104,Barret,04/18/2006,null,Horsell,$70630.28,336
104,Mead,07/24/2020,null,Aitchison,$81259.82,922
104,Casper,12/30/2000,null,,$141307.58,693
104,Averil,12/13/2006,null,Shadwick,$102731.53,31
104,Reidar,11/17/2003,null,,$119538.18,907
104,Melesa,03/22/2008,null,Kemmish,$124992.07,126
104,Stafani,09/11/03,null,Durden,$72954.82,655
104,Pattie,12/20/2003,null,Shooter,$117584.72,169
104,Allan,01/28/2017,null,Doodney,$128703.02,142
104,Kizzie,12/31/2007,null,Warters,$117829.46,977
104,Jackie,06/20/2006,null,Cockaday,$112514.72,116
104,Aldis,12/28/2006,null,Lindemann,$84486.29,280
104,Titus,09/27/2010,null,Tyt,$72368.97,384
104,Rosene,06/28/2009,null,Filipovic,$94571.63,207
104,Delia,02/22/2020,null,Allardyce,$72104.70,515
104,Christy,04/09/11,null,Ledson,$79649.50,570
104,Maynard,08/16/2017,null,Ambrogioli,$132917.80,66
104,Raye,07/25/2020,null,Cortnay,$83123.28,958
104,Kellen,02/28/2015,null,Toothill,$123557.74,48
104,Allyn,07/27/2007,null,Frear,$148054.73,586
104,Mycah,03/30/2003,null,Margrem,$136464.80,372
104,Vally,03/05/19,null,Blanc,$119059.26,286
104,Emmalynn,03/10/21,null,Rounsefell,$113166.42,339
104,Glory,01/25/2002,null,Ecob,$109629.33,444
104,Kathy,06/09/01,null,Mangon,$151063.02,589
104,Giffie,12/19/2016,null,Posen,$79280.37,270
104,Jannel,02/16/2020,null,Samples,$147867.90,230
104,Sharron,08/12/07,null,Lewins,$117053.73,418
104,Fanni,06/15/2013,null,,$73882.64,555
104,Morten,03/30/2000,null,Hursey,$91838.38,914
104,Benedetto,11/17/2018,null,,$79329.56,609
104,Nathanial,03/02/18,null,Adshed,$122301.23,506
104,Stacy,01/20/2018,null,Yorston,$116520.34,456
104,Bryanty,08/23/2016,null,Keasley,$142288.32,975
104,Derrick,12/07/09,null,Podbury,$71236.35,172
104,Kaela,12/22/2000,null,Rowlstone,$130901.06,340
104,Patrice,04/17/2013,null,Moorcraft,$76941.18,640
104,Flossi,04/16/2018,null,Riggulsford,$73122.34,301
104,Lauryn,08/21/2003,null,Marjanski,$102107.18,719
104,Joana,02/19/2010,null,Mallows,$95665.42,190
104,Guendolen,05/22/2016,null,Carlton,$101198.33,870
104,Vladamir,12/02/19,null,O' Bee,$138034.37,804
104,Niki,02/20/2009,null,Bolin,$157179.40,935
104,Skye,11/12/07,null,Robbey,$88929.92,948
104,Dilan,12/23/2006,null,Marston,$88095.57,524
104,Dacy,07/31/2003,null,Teaser,$121899.12,888
104,Betsy,04/24/2017,null,Oller,$92508.62,202
104,Dana,05/31/2017,null,,$97468.67,490
104,Rebeca,11/20/2000,null,Connock,$117987.21,670
104,Ced,05/24/2020,null,Clows,$76116.76,724
104,Cal,09/19/2018,null,Feldman,$88075.22,81
104,Darb,10/27/2005,null,Flaherty,$93058.73,876
104,Ulrika,07/01/05,null,Trythall,$116182.67,294
104,Juana,09/07/16,null,Benitti,$100884.42,290
104,Desiree,12/31/2019,null,Le Grys,$126709.16,519
104,Dalton,06/17/2019,null,Luddy,$103573.45,358
104,Marga,01/20/2005,null,Zaple,$121091.73,412
104,Nannette,12/29/2007,null,Yersin,$79074.06,667
104,Berty,07/09/16,null,Pariso,$110561.91,178
104,Jourdain,03/06/21,null,Jagiello,$115413.93,389
104,Alessandra,07/20/2014,null,Skitral,$147339.43,450
104,Jeremias,02/13/2008,null,Gillbard,$97500.17,327
104,Elmira,11/09/10,null,Gecke,$151814.36,219
104,Hephzibah,12/26/2000,null,Laughren,$128823.33,780
104,Ulberto,12/15/2009,null,,$118220.04,74
104,Carmelia,01/04/11,null,Burgise,$109949.76,244
104,Lainey,04/05/20,null,Sprigings,$85469.68,131
104,Alvie,09/26/2015,null,Bruckman,$110594.52,502
104,Dell,07/15/2008,null,,$92027.97,546
104,Carter,08/10/00,null,Gittins,$117013.30,801
104,Tucky,10/21/2017,null,Hurler,$74474.43,268
104,Shannan,11/14/2016,null,Fairnington,$130946.85,10
104,Loutitia,05/17/2014,null,Saladine,$84446.50,257
104,Chrystal,09/05/08,null,Siaskowski,$125744.11,575
104,Petronia,08/19/2009,null,Harkness,$91446.74,121
104,Margareta,06/16/2014,null,Keeltagh,$153803.42,317
104,Crysta,10/17/2009,null,Cromarty,$149708.66,676
104,Jaquelin,05/02/09,null,Rouzet,$123977.57,251
104,Sula,04/16/2008,null,Warlton,$83133.59,448
104,Bonnie,07/11/17,null,Dykes,$99341.28,196
104,Banky,07/26/2008,null,Cossum,$93325.50,163
104,Odelia,10/27/2018,null,Wandrich,$123238.96,992
104,Gregoire,04/13/2013,null,,$115665.39,548
104,Dexter,10/30/2016,null,Zanuciolii,$126341.07,533
104,Bobbye,11/04/12,null,Edmunds,$90252.28,148
104,Skipper,09/07/09,null,Ruddle,$108594.15,233
104,Margareta,10/25/2004,null,Orrocks,$110798.31,706
104,Bart,04/08/09,null,Skipsea,$123530.81,227
104,Konstantine,12/04/02,null,Pinn,$89458.79,702
104,Ginnifer,09/21/2009,null,Shields,$88489.86,467
104,Edna,07/30/2015,null,Sciacovelli,$141903.30,610
104,Bernie,11/05/08,null,Labat,$86500.65,437
104,Northrup,02/28/2007,null,Elsie,$91725.06,225
104,Corilla,08/31/2017,null,Lemar,$95231.85,615
104,Charla,04/10/03,null,Hadwen,$115753.11,634
104,Nikos,07/06/14,null,Thurlby,$153398.49,430
104,Tanney,11/16/2004,null,Radbourne,$159927.58,569
104,Flossi,01/15/2017,null,Callander,$124110.93,638
104,Wenonah,04/14/2021,null,Milham,$109631.45,396
104,Hillery,11/26/2001,null,Lauret,$115789.03,681
104,Manda,01/28/2005,null,Fass,$82294.83,625
104,Eldredge,07/01/11,null,Marval,$110063.52,451
104,Jana,09/25/2012,null,Fitzroy,$120683.24,189
104,Aloysia,02/02/16,null,Waryk,$137547.21,400
104,Ellswerth,10/19/2011,null,Cassel,$84464.31,938
104,Thaxter,09/05/13,null,Shinton,$98650.07,380
104,Tad,01/11/15,null,Fairey,$83620.02,223
104,Charmine,01/17/2003,null,Radclyffe,$110444.64,272
104,Heath,05/19/2008,null,Routh,$79221.81,628
104,Carma,01/07/19,null,,$155521.63,175
104,Leonardo,07/13/2001,null,Kirrens,$126501.37,351
104,Rosina,12/27/2013,null,,$154183.24,370
104,Christoforo,07/05/12,null,Armit,$115893.46,768
104,Whittaker,02/27/2011,null,Garrick,$156377.39,517
104,Ezekiel,05/15/2000,null,Segges,$129974.52,470
104,Fayette,12/14/2002,null,,$138138.22,173
104,Penrod,08/18/2002,null,Knipe,$71047.86,468
104,Joli,03/23/2009,null,,$81481.68,310
104,Madalyn,05/02/10,null,Belli,$136119.75,106
104,Timmi,10/06/19,null,Hagyard,$71917.85,102
104,Celka,12/14/2014,null,Glacken,$112444.72,658
104,Town,09/25/2012,null,Stendall,$133963.61,333
104,Urbano,07/07/16,null,Bosward,$81271.72,772
104,Rosmunda,04/29/2000,null,Conichie,$122738.54,240
104,Tracie,03/25/2013,null,Strongitharm,$83684.88,897
104,Betteanne,01/10/07,null,Dongate,$70008.56,521
104,Janos,05/08/07,null,Whilder,$156540.16,362
104,Danila,06/22/2016,null,Halburton,$146523.24,57
104,Mayne,11/09/08,null,Meneely,$139969.55,426
104,Katha,11/23/2000,null,Vonderdell,$92360.70,905
104,Marv,03/11/11,null,Lethieulier,$71011.03,686
104,Liliane,02/23/2011,null,Cullrford,$79845.63,730
104,Annabel,06/27/2000,null,Toquet,$144506.56,763
104,Charity,08/19/2002,null,,$142758.38,50
104,Heinrick,07/30/2004,null,Perrygo,$141662.10,777
104,Jacob,09/25/2015,null,Gilardone,$149358.39,265
104,Rolph,09/27/2009,null,Dunsmore,$147063.28,796
104,Hedi,07/28/2011,null,Rodbourne,$99375.97,997
104,Simon,03/30/2020,null,Allibone,$152342.48,237
104,Keen,12/18/2015,null,McReynold,$74964.37,463
104,Rossie,05/13/2008,null,Greaterex,$80215.68,932
104,Son,06/05/07,null,Kenningley,$97178.53,508
104,Brion,04/07/05,null,Blaskett,$74884.79,243
104,Read,12/21/2019,null,Rigby,$135006.06,787
104,Ami,07/21/2005,null,Peppin,$95020.03,194
104,Mag,12/21/2012,null,Fashion,$106085.85,631
104,Bret,02/24/2004,null,Francklin,$159652.75,633
104,Todd,04/10/15,null,Kitcat,$120844.53,97
104,Gabi,03/21/2013,null,Sanzio,$139460.68,36
104,Emerson,12/27/2003,null,Runnalls,$119748.67,539
104,Berthe,09/17/2012,null,Warry,$151356.86,421
104,Dorthea,01/05/10,null,Chelsom,$133364.98,416
104,Darnall,08/15/2004,null,Dowden,$111073.35,537
104,Jakie,02/29/2004,null,Edwinson,$115207.46,360
104,Cindy,02/26/2012,null,Pemble,$118277.54,254
104,Jone,03/28/2021,null,Wellard,$110354.38,757
104,Xenos,04/21/2004,null,,$133849.56,391
104,Nani,10/22/2000,null,Brandone,$152465.77,612
104,Marnie,07/16/2003,null,Huguet,$135773.39,493
104,Harmony,11/11/11,null,McNeice,$121889.00,783
104,Thomasin,06/05/20,null,,$136136.26,880
104,Denis,01/16/2019,null,Hawkswood,$79435.75,283
104,Guilbert,03/06/10,null,Torrance,$99128.13,483
104,Fairfax,09/11/16,null,Tiley,$154556.66,76
104,Jessie,02/17/2017,null,Markham,$71966.28,423
104,Normy,01/01/06,null,Hammor,$146054.08,790
104,Jessie,05/31/2019,null,Writer,$136815.09,405
104,Gideon,05/01/14,null,Jacobi,$79986.88,473
104,Theodore,04/19/2012,null,Yanshonok,$156262.92,592
104,Tristan,10/12/09,null,Insoll,$94827.71,319
104,Noll,06/02/03,null,Cruikshanks,$116940.59,621
104,Kordula,03/09/04,null,De Freitas,$136449.05,785
104,Tudor,09/28/2007,null,Mendus,$132740.88,209
104,Florence,09/03/07,null,Bockings,$95989.15,258
104,Brigitta,11/23/2017,null,Chorley,$132770.87,374
104,Smitty,05/07/08,null,Sherr,$134128.75,590
104,Benjy,12/03/04,null,Cayton,$151606.39,868
104,Querida,07/01/07,null,Fowle,$130311.05,324
104,Briant,09/30/2003,null,,$144481.10,439
104,Kizzee,05/12/05,null,,$104170.22,308
104,Domingo,09/12/13,null,Olner,$115948.24,304
104,Cyndi,01/11/07,null,Miguel,$141139.20,624
104,Margarete,02/13/2016,null,Slack,$158539.05,52
104,Juliette,11/11/20,null,Semonin,$132826.23,766
104,Jobey,11/16/2016,null,Fidge,$130182.44,38
104,Serene,12/21/2009,null,Shaw,$146400.19,979
104,Arabele,09/20/2009,null,Wagon,$115544.60,884
104,Alexis,02/17/2005,null,Darkin,$102242.63,673
104,Felicia,02/07/12,null,Mabbutt,$123865.22,808
